,종목코드,순위
0,A000020,164
1,A000040,109
2,A000050,1298
3,A000070,1395
4,A000080,1573
5,A000100,686
6,A000120,1337
7,A000140,640
8,A000150,1375
9,A000180,895
10,A000210,1693
11,A000220,1167
12,A000230,1425
13,A000240,1526
14,A000250,1610
15,A000270,1665
16,A000300,1853
17,A000320,1705
18,A000370,1179
19,A000390,1624
20,A000400,1333
21,A000430,1319
22,A000440,1380
23,A000480,1777
24,A000490,360
25,A000500,628
26,A000520,1592
27,A000540,1479
28,A000590,400
29,A000640,932
30,A000650,1116
31,A000660,45
32,A000670,409
33,A000680,117
34,A000700,1102
35,A000720,1491
36,A000760,1751
37,A000810,1160
38,A000850,1308
39,A000860,1877
40,A000880,327
41,A000890,1529
42,A000910,1960
43,A000950,1645
44,A000970,565
45,A000990,538
46,A001000,933
47,A001020,1434
48,A001040,1540
49,A001060,1746
50,A001070,1004
51,A001080,554
52,A001120,1197
53,A001130,1660
54,A001140,38
55,A001200,228
56,A001230,1609
57,A001250,627
58,A001260,596
59,A001270,1307
60,A001290,236
61,A001340,123
62,A001360,163
63,A001380,724
64,A001390,605
65,A001430,1101
66,A001440,1864
67,A001450,1857
68,A001460,1925
69,A001470,6
70,A001500,1041
71,A001510,128
72,A001520,1569
73,A001530,573
74,A001540,1117
75,A001550,816
76,A001560,1814
77,A001570,192
78,A001620,1976
79,A001630,1635
80,A001680,1611
81,A001720,1326
82,A001740,1164
83,A001750,1043
84,A001780,1600
85,A001790,1991
86,A001800,1800
87,A001810,1182
88,A001820,300
89,A001840,879
90,A001880,1455
91,A001940,1837
92,A002020,1484
93,A002030,1821
94,A002100,882
95,A002140,1901
96,A002150,877
97,A002170,1109
98,A002200,1893
99,A002210,1175
100,A002220,1418
101,A002230,1265
102,A002240,1594
103,A002290,353
104,A002310,1659
105,A002320,927
106,A002350,1541
107,A002360,1920
108,A002380,949
109,A002390,1621
110,A002410,535
111,A002450,1048
112,A002460,1249
113,A002600,1514
114,A002620,785
115,A002630,275
116,A002680,235
117,A002690,1099
118,A002700,1523
119,A002710,1697
120,A002720,1363
121,A002760,1607
122,A002780,183
123,A002790,1640
124,A002800,991
125,A002810,1387
126,A002840,1440
127,A002880,310
128,A002900,1103
129,A002920,1181
130,A002960,1505
131,A002990,1063
132,A003000,1013
133,A003010,1250
134,A003030,435
135,A003060,1021
136,A003070,1007
137,A003080,1074
138,A003090,1235
139,A003100,1710
140,A003120,541
141,A003160,432
142,A003200,1881
143,A003220,1663
144,A003230,1734
145,A003240,326
146,A003280,1512
147,A003300,492
148,A003310,1937
149,A003350,1462
150,A003380,897
151,A003410,1073
152,A003460,88
153,A003470,191
154,A003480,1728
155,A003490,1356
156,A003520,1852
157,A003530,1045
158,A003540,887
159,A003550,924
160,A003560,35
161,A003570,366
162,A003580,696
163,A003610,1405
164,A003620,1178
165,A003650,709
166,A003670,1778
167,A003690,1456
168,A003720,521
169,A003780,1789
170,A003800,992
171,A003830,630
172,A003850,444
173,A003920,1997
174,A003960,1285
175,A004000,1488
176,A004020,1757
177,A004060,1785
178,A004080,1602
179,A004090,1374
180,A004100,1587
181,A004140,1544
182,A004150,1049
183,A004170,1453
184,A004250,1201
185,A004270,934
186,A004310,1938
187,A004360,1953
188,A004370,532
189,A004380,1335
190,A004410,1554
191,A004430,1412
192,A004440,333
193,A004450,1388
194,A004490,1762
195,A004540,708
196,A004560,553
197,A004590,957
198,A004650,672
199,A004690,1950
200,A004700,1210
201,A004710,204
202,A004720,1047
203,A004770,241
204,A004780,1114
205,A004800,1543
206,A004830,1014
207,A004840,270
208,A004870,206
209,A004890,489
210,A004910,1781
211,A004920,1033
212,A004960,349
213,A004970,1008
214,A004980,1688
215,A004990,1262
216,A005010,1564
217,A005070,1974
218,A005090,1858
219,A005110,815
220,A005160,1860
221,A005180,438
222,A005250,1593
223,A005290,75
224,A005300,1502
225,A005320,1658
226,A005360,741
227,A005380,1694
228,A005390,670
229,A005420,1902
230,A005430,1726
231,A005440,1861
232,A005490,1022
233,A005500,1188
234,A005610,443
235,A005670,1329
236,A005680,1289
237,A005690,1284
238,A005710,1454
239,A005720,1318
240,A005740,1217
241,A005750,1437
242,A005800,1646
243,A005810,1482
244,A005820,1687
245,A005830,1759
246,A005850,187
247,A005860,1894
248,A005870,1204
249,A005880,701
250,A005930,370
251,A005940,423
252,A005950,102
253,A005960,617
254,A005990,524
255,A006040,1379
256,A006050,1246
257,A006060,1855
258,A006090,415
259,A006110,1199
260,A006120,876
261,A006140,905
262,A006200,613
263,A006220,1948
264,A006260,1807
265,A006280,1349
266,A006340,757
267,A006360,1090
268,A006370,531
269,A006390,871
270,A006400,581
271,A006490,1878
272,A006570,260
273,A006580,1128
274,A006620,1813
275,A006650,1271
276,A006660,1292
277,A006730,1170
278,A006740,138
279,A006800,966
280,A006840,938
281,A006880,1251
282,A006890,1598
283,A006910,756
284,A006980,995
285,A007070,1670
286,A007110,57
287,A007120,171
288,A007160,1712
289,A007210,850
290,A007280,961
291,A007310,1391
292,A007330,446
293,A007340,442
294,A007370,1159
295,A007390,1629
296,A007460,968
297,A007530,833
298,A007540,1634
299,A007570,698
300,A007590,467
301,A007610,1119
302,A007660,17
303,A007680,950
304,A007690,865
305,A007700,1339
306,A007720,512
307,A007770,1770
308,A007810,233
309,A007820,888
310,A007860,491
311,A007980,650
312,A008040,1215
313,A008060,485
314,A008110,374
315,A008250,861
316,A008260,1845
317,A008350,1184
318,A008370,1507
319,A008420,1158
320,A008490,1843
321,A008700,575
322,A008730,1854
323,A008770,1342
324,A008830,527
325,A008870,1868
326,A008930,1907
327,A008970,1208
328,A009070,1897
329,A009150,325
330,A009160,1918
331,A009180,1859
332,A009190,960
333,A009200,1477
334,A009240,1346
335,A009270,1747
336,A009290,267
337,A009300,416
338,A009320,662
339,A009410,1378
340,A009420,1612
341,A009440,205
342,A009450,802
343,A009460,821
344,A009470,288
345,A009520,162
346,A009540,269
347,A009580,1481
348,A009620,499
349,A009680,1107
350,A009730,1792
351,A009770,471
352,A009780,1498
353,A009810,604
354,A009830,507
355,A009900,116
356,A009970,1328
357,A010040,1589
358,A010050,1892
359,A010060,1581
360,A010100,1971
361,A010120,1191
362,A010130,1647
363,A010140,168
364,A010170,1216
365,A010240,249
366,A010280,1970
367,A010470,1586
368,A010580,1384
369,A010600,39
370,A010620,365
371,A010640,1392
372,A010660,25
373,A010690,404
374,A010770,848
375,A010780,1234
376,A010820,176
377,A010950,645
378,A010960,1163
379,A011000,1756
380,A011040,1062
381,A011070,343
382,A011150,1584
383,A011170,1213
384,A011200,1799
385,A011210,819
386,A011230,690
387,A011280,198
388,A011300,537
389,A011320,944
390,A011330,1775
391,A011370,653
392,A011390,1093
393,A011420,1294
394,A011500,921
395,A011560,1362
396,A011690,100
397,A011700,849
398,A011760,922
399,A011780,1542
400,A011790,564
401,A011810,1972
402,A011930,321
403,A012030,1140
404,A012160,421
405,A012170,1312
406,A012200,111
407,A012280,748
408,A012320,1441
409,A012330,943
410,A012340,1499
411,A012450,1466
412,A012510,1672
413,A012600,1128
414,A012610,1844
415,A012630,743
416,A012690,181
417,A012700,1321
418,A012750,1779
419,A012790,344
420,A012800,1867
421,A012860,1990
422,A013030,715
423,A013120,1691
424,A013310,20
425,A013360,1476
426,A013520,691
427,A013570,582
428,A013580,1696
429,A013700,196
430,A013720,180
431,A013810,142
432,A013870,981
433,A013890,946
434,A013990,1668
435,A014130,383
436,A014160,624
437,A014190,1278
438,A014200,223
439,A014280,475
440,A014440,737
441,A014470,1176
442,A014530,1229
443,A014570,414
444,A014580,1648
445,A014620,1627
446,A014680,534
447,A014710,1373
448,A014790,215
449,A014820,1253
450,A014830,509
451,A014910,1080
452,A014940,1707
453,A014970,1061
454,A014990,237
455,A015230,1896
456,A015260,1644
457,A015360,1206
458,A015540,1128
459,A015590,18
460,A015710,1024
461,A015750,441
462,A015760,1679
463,A015860,1187
464,A015890,1886
465,A016090,1293
466,A016100,869
467,A016250,644
468,A016360,707
469,A016380,1783
470,A016450,1003
471,A016580,1472
472,A016590,1988
473,A016600,600
474,A016610,986
475,A016710,2000
476,A016740,291
477,A016790,1959
478,A016800,516
479,A016880,1372
480,A017000,226
481,A017040,798
482,A017180,840
483,A017370,418
484,A017390,1984
485,A017480,1347
486,A017510,952
487,A017550,1534
488,A017650,448
489,A017670,656
490,A017800,214
491,A017810,642
492,A017890,1115
493,A017900,71
494,A017940,1058
495,A017960,1467
496,A018000,1556
497,A018120,1444
498,A018250,1365
499,A018260,951
500,A018290,822
501,A018310,457
502,A018470,484
503,A018500,1242
504,A018620,1268
505,A018670,1812
506,A018680,207
507,A018700,705
508,A018880,1311
509,A019010,901
510,A019170,1460
511,A019180,1978
512,A019210,857
513,A019440,982
514,A019540,55
515,A019550,424
516,A019570,359
517,A019590,1500
518,A019660,1940
519,A019680,1266
520,A019770,699
521,A019990,1000
522,A020000,1528
523,A020120,706
524,A020150,1580
525,A020560,1334
526,A020710,154
527,A020760,762
528,A021050,767
529,A021080,1413
530,A021240,1390
531,A021320,846
532,A021650,498
533,A021820,292
534,A021880,52
535,A022100,1615
536,A022220,393
537,A023000,1336
538,A023150,749
539,A023160,1442
540,A023350,405
541,A023410,511
542,A023440,1979
543,A023450,1549
544,A023460,50
545,A023530,1436
546,A023590,753
547,A023600,1350
548,A023760,1430
549,A023770,1927
550,A023800,519
551,A023810,1469
552,A023900,930
553,A023910,1291
554,A023960,1810
555,A024060,811
556,A024070,1231
557,A024090,1768
558,A024110,394
559,A024120,1771
560,A024720,1223
561,A024740,129
562,A024800,1649
563,A024810,14
564,A024830,734
565,A024840,1409
566,A024850,1408
567,A024880,515
568,A024890,317
569,A024900,1949
570,A024910,83
571,A024940,440
572,A024950,915
573,A025000,824
574,A025320,931
575,A025440,1956
576,A025530,11
577,A025540,1100
578,A025550,844
579,A025560,1983
580,A025750,1559
581,A025770,965
582,A025820,1862
583,A025860,1025
584,A025880,1931
585,A025900,731
586,A025950,411
587,A025980,1240
588,A026040,761
589,A026150,362
590,A026890,1172
591,A026940,412
592,A026960,1489
593,A027050,1183
594,A027360,73
595,A027410,1890
596,A027580,1463
597,A027710,911
598,A027740,750
599,A027830,906
600,A027970,1446
601,A028050,1642
602,A028080,1558
603,A028100,384
604,A028260,935
605,A028300,1237
606,A028670,1568
607,A029460,903
608,A029480,1955
609,A029530,577
610,A029780,1076
611,A029960,663
612,A030000,1677
613,A030190,1725
614,A030200,736
615,A030210,1882
616,A030350,354
617,A030520,504
618,A030530,381
619,A030610,388
620,A030960,386
621,A031310,883
622,A031330,547
623,A031430,1839
624,A031440,1667
625,A031510,683
626,A031820,772
627,A031860,1966
628,A031980,107
629,A032190,1297
630,A032300,1072
631,A032350,855
632,A032500,678
633,A032540,420
634,A032560,1831
635,A032580,5
636,A032620,1057
637,A032640,1155
638,A032680,657
639,A032750,182
640,A032790,140
641,A032800,248
642,A032820,220
643,A032830,1506
644,A032850,247
645,A032860,804
646,A032940,910
647,A032960,647
648,A032980,813
649,A033100,1834
650,A033130,1218
651,A033160,718
652,A033170,732
653,A033180,1243
654,A033200,963
655,A033230,609
656,A033240,1169
657,A033270,1718
658,A033290,1035
659,A033310,1748
660,A033320,91
661,A033340,1128
662,A033500,972
663,A033530,875
664,A033540,1985
665,A033560,1081
666,A033640,408
667,A033780,1367
668,A033830,44
669,A033920,1044
670,A034020,766
671,A034120,1501
672,A034220,419
673,A034230,1574
674,A034300,1426
675,A034310,1351
676,A034590,1002
677,A034730,768
678,A034810,518
679,A034830,595
680,A034940,1097
681,A034950,1354
682,A035000,1717
683,A035080,64
684,A035150,1774
685,A035250,1656
686,A035290,1755
687,A035420,1816
688,A035460,1230
689,A035510,1833
690,A035600,469
691,A035610,1370
692,A035620,378
693,A035720,1348
694,A035760,592
695,A035810,1322
696,A035890,1267
697,A035900,61
698,A036000,1150
699,A036010,60
700,A036030,1793
701,A036090,1433
702,A036120,958
703,A036170,29
704,A036190,660
705,A036200,179
706,A036420,505
707,A036460,1562
708,A036480,137
709,A036530,916
710,A036540,526
711,A036560,941
712,A036570,1823
713,A036580,328
714,A036620,56
715,A036630,307
716,A036640,1828
717,A036670,1539
718,A036690,862
719,A036710,119
720,A036800,1773
721,A036810,428
722,A036830,426
723,A036890,1683
724,A036930,413
725,A037030,1156
726,A037070,1618
727,A037230,536
728,A037270,121
729,A037330,355
730,A037350,704
731,A037370,459
732,A037440,1803
733,A037460,884
734,A037560,199
735,A037710,631
736,A037760,809
737,A037950,1947
738,A038010,316
739,A038060,201
740,A038070,1382
741,A038110,1458
742,A038290,998
743,A038390,1641
744,A038460,899
745,A038500,1368
746,A038530,78
747,A038540,371
748,A038620,1459
749,A038680,453
750,A038870,358
751,A038880,47
752,A038950,380
753,A039010,794
754,A039020,1226
755,A039030,390
756,A039130,914
757,A039200,294
758,A039240,616
759,A039290,1162
760,A039310,1563
761,A039340,588
762,A039420,1930
763,A039440,659
764,A039490,525
765,A039560,1517
766,A039570,1005
767,A039610,351
768,A039830,1273
769,A039840,1804
770,A039860,832
771,A040160,239
772,A040300,1064
773,A040350,1475
774,A040420,1032
775,A040610,1577
776,A040910,1761
777,A041020,49
778,A041190,673
779,A041440,984
780,A041460,1029
781,A041510,1714
782,A041520,799
783,A041590,494
784,A041650,175
785,A041830,1701
786,A041910,1075
787,A041920,1377
788,A041930,980
789,A041960,1198
790,A042000,728
791,A042040,1973
792,A042110,1915
793,A042370,947
794,A042420,464
795,A042500,1241
796,A042510,1944
797,A042520,1808
798,A042600,54
799,A042660,437
800,A042670,1752
801,A042700,82
802,A042940,280
803,A043090,1995
804,A043150,1965
805,A043220,1270
806,A043260,120
807,A043340,1288
808,A043370,79
809,A043590,918
810,A043610,1639
811,A043650,1042
812,A043910,434
813,A044060,1872
814,A044340,1327
815,A044380,593
816,A044450,382
817,A044490,1585
818,A044820,971
819,A044960,571
820,A045060,1376
821,A045100,1053
822,A045300,203
823,A045390,710
824,A045520,974
825,A045660,281
826,A045970,151
827,A046070,104
828,A046120,940
829,A046140,1850
830,A046210,1908
831,A046310,331
832,A046390,1913
833,A046440,1749
834,A046890,209
835,A046940,851
836,A047040,1352
837,A047050,259
838,A047080,693
839,A047310,148
840,A047400,1969
841,A047560,19
842,A047770,114
843,A047810,674
844,A047820,253
845,A047920,1214
846,A048260,1220
847,A048410,580
848,A048430,878
849,A048530,1465
850,A048550,818
851,A048770,302
852,A048870,1869
853,A048910,222
854,A049070,620
855,A049080,210
856,A049120,820
857,A049180,1415
858,A049430,389
859,A049480,725
860,A049520,1403
861,A049550,1830
862,A049630,1964
863,A049720,1865
864,A049770,1360
865,A049800,1222
866,A049830,1146
867,A049950,892
868,A049960,829
869,A050110,635
870,A050120,1252
871,A050860,169
872,A050890,687
873,A050960,797
874,A051160,681
875,A051360,533
876,A051370,93
877,A051380,255
878,A051490,274
879,A051500,1801
880,A051600,1673
881,A051630,1719
882,A051780,157
883,A051900,637
884,A051910,621
885,A051980,1313
886,A052020,632
887,A052220,364
888,A052260,1605
889,A052300,27
890,A052330,680
891,A052400,472
892,A052420,391
893,A052460,126
894,A052600,576
895,A052670,1795
896,A052690,1824
897,A052710,1986
898,A052790,720
899,A052860,942
900,A052900,357
901,A053030,1301
902,A053050,1939
903,A053080,733
904,A053160,186
905,A053210,1723
906,A053260,1082
907,A053270,539
908,A053280,487
909,A053290,1059
910,A053300,1108
911,A053350,863
912,A053450,261
913,A053580,1809
914,A053590,16
915,A053610,314
916,A053620,1153
917,A053690,1935
918,A053700,1652
919,A053800,1203
920,A053950,939
921,A053980,834
922,A054040,1272
923,A054050,1638
924,A054090,742
925,A054180,242
926,A054210,1369
927,A054450,563
928,A054540,1087
929,A054620,1519
930,A054670,574
931,A054780,1017
932,A054800,825
933,A054920,185
934,A054930,1786
935,A054950,244
936,A055490,1695
937,A055550,1487
938,A056080,1818
939,A056090,112
940,A056190,1051
941,A056360,1254
942,A056700,1555
943,A056730,1788
944,A057030,745
945,A057050,1493
946,A057540,1996
947,A057680,379
948,A057880,152
949,A058110,229
950,A058400,1228
951,A058430,1582
952,A058470,1522
953,A058610,1954
954,A058630,1205
955,A058650,1439
956,A058730,1078
957,A058820,125
958,A058850,1750
959,A058860,712
960,A058970,1566
961,A059090,517
962,A059100,847
963,A059120,345
964,A059210,12
965,A059270,62
966,A060150,682
967,A060230,755
968,A060240,928
969,A060250,717
970,A060280,1018
971,A060310,23
972,A060370,1232
973,A060380,1331
974,A060540,1314
975,A060560,1353
976,A060570,1393
977,A060590,395
978,A060720,265
979,A060850,770
980,A060900,646
981,A060980,655
982,A061040,1038
983,A061250,719
984,A061970,258
985,A062860,925
986,A063080,902
987,A063160,1494
988,A063170,1009
989,A063440,967
990,A063570,1185
991,A064090,1626
992,A064240,308
993,A064260,202
994,A064290,422
995,A064350,1838
996,A064480,1300
997,A064520,1613
998,A064550,318
999,A064760,399
1000,A064800,1871
1001,A064820,170
1002,A064850,1572
1003,A064960,488
1004,A065130,456
1005,A065150,796
1006,A065170,1919
1007,A065350,490
1008,A065370,1040
1009,A065440,889
1010,A065450,814
1011,A065510,530
1012,A065530,1344
1013,A065560,1128
1014,A065650,1575
1015,A065660,1571
1016,A065680,264
1017,A065710,1595
1018,A065950,156
1019,A066130,964
1020,A066310,197
1021,A066360,839
1022,A066410,372
1023,A066570,436
1024,A066590,460
1025,A066620,841
1026,A066670,1438
1027,A066700,1358
1028,A066900,738
1029,A066910,1137
1030,A066970,299
1031,A066980,131
1032,A067000,1361
1033,A067080,1720
1034,A067160,1608
1035,A067170,771
1036,A067280,1357
1037,A067290,1576
1038,A067310,221
1039,A067370,1921
1040,A067390,1657
1041,A067570,1490
1042,A067630,1306
1043,A067830,1910
1044,A067900,1244
1045,A067920,1092
1046,A067990,619
1047,A068050,1798
1048,A068240,406
1049,A068270,1636
1050,A068290,1177
1051,A068330,430
1052,A068400,135
1053,A068760,367
1054,A068790,1212
1055,A068930,1509
1056,A069080,1676
1057,A069110,1128
1058,A069260,1071
1059,A069410,130
1060,A069460,410
1061,A069510,1866
1062,A069540,546
1063,A069620,1110
1064,A069640,289
1065,A069730,1811
1066,A069920,1961
1067,A069960,1317
1068,A070960,1054
1069,A071050,1324
1070,A071090,740
1071,A071200,835
1072,A071280,806
1073,A071320,1533
1074,A071460,881
1075,A071670,402
1076,A071840,996
1077,A071970,523
1078,A072020,694
1079,A072130,780
1080,A072470,1450
1081,A072710,1050
1082,A072770,262
1083,A072870,1406
1084,A072990,445
1085,A073010,651
1086,A073110,894
1087,A073240,999
1088,A073490,558
1089,A073560,1448
1090,A073570,1662
1091,A073640,1238
1092,A074430,1942
1093,A074600,319
1094,A074610,1248
1095,A075180,723
1096,A075580,1628
1097,A075970,1856
1098,A076080,1643
1099,A076610,1738
1100,A077360,200
1101,A077500,231
1102,A077970,439
1103,A078000,1340
1104,A078020,1302
1105,A078070,827
1106,A078130,72
1107,A078140,805
1108,A078150,89
1109,A078160,845
1110,A078340,1432
1111,A078350,53
1112,A078520,1565
1113,A078590,1128
1114,A078600,685
1115,A078890,1006
1116,A078930,1282
1117,A078940,1535
1118,A079160,478
1119,A079170,1891
1120,A079370,70
1121,A079430,1325
1122,A079550,1706
1123,A079810,105
1124,A079940,1633
1125,A079960,948
1126,A079970,1530
1127,A079980,782
1128,A080000,193
1129,A080010,585
1130,A080160,852
1131,A080220,330
1132,A080420,639
1133,A080470,1263
1134,A080520,562
1135,A080580,1447
1136,A080720,1180
1137,A081000,671
1138,A081150,1885
1139,A081580,1550
1140,A081660,1034
1141,A082210,208
1142,A082270,569
1143,A082640,912
1144,A082660,1977
1145,A082740,346
1146,A082800,110
1147,A082850,1924
1148,A082920,373
1149,A083310,486
1150,A083420,1741
1151,A083450,194
1152,A083470,1879
1153,A083500,643
1154,A083550,908
1155,A083650,315
1156,A083660,8
1157,A083790,9
1158,A083930,548
1159,A084010,1492
1160,A084110,614
1161,A084180,1557
1162,A084370,480
1163,A084650,703
1164,A084670,279
1165,A084680,1603
1166,A084690,1259
1167,A084730,1190
1168,A084850,975
1169,A084990,550
1170,A085310,579
1171,A085370,479
1172,A085620,106
1173,A085660,363
1174,A085670,483
1175,A085810,1414
1176,A085910,1417
1177,A086040,1396
1178,A086280,1030
1179,A086390,84
1180,A086450,502
1181,A086520,1998
1182,A086670,1094
1183,A086710,63
1184,A086790,1256
1185,A086820,791
1186,A086890,1407
1187,A086900,1255
1188,A086960,118
1189,A086980,625
1190,A087010,803
1191,A087260,853
1192,A087600,1083
1193,A088130,1070
1194,A088290,1963
1195,A088350,886
1196,A088390,778
1197,A088800,1836
1198,A088910,1330
1199,A089010,347
1200,A089030,610
1201,A089140,1729
1202,A089150,945
1203,A089230,1296
1204,A089470,1422
1205,A089590,1680
1206,A089600,1257
1207,A089790,578
1208,A089850,752
1209,A089890,303
1210,A089970,150
1211,A089980,787
1212,A090080,452
1213,A090150,658
1214,A090350,1666
1215,A090360,1835
1216,A090370,462
1217,A090410,898
1218,A090430,376
1219,A090460,385
1220,A090470,1722
1221,A090710,1279
1222,A090850,1732
1223,A091090,1929
1224,A091120,896
1225,A091340,1906
1226,A091580,1599
1227,A091590,1404
1228,A091700,147
1229,A091810,936
1230,A091990,1480
1231,A092040,540
1232,A092070,543
1233,A092130,1452
1234,A092190,69
1235,A092200,1820
1236,A092220,1398
1237,A092230,1274
1238,A092300,450
1239,A092440,1019
1240,A092460,1916
1241,A092730,1233
1242,A092780,1247
1243,A092870,227
1244,A093050,1532
1245,A093190,1394
1246,A093230,1982
1247,A093240,304
1248,A093320,1383
1249,A093370,493
1250,A093520,4
1251,A093640,338
1252,A093920,1149
1253,A094170,1806
1254,A094280,669
1255,A094360,34
1256,A094480,1011
1257,A094820,352
1258,A094840,675
1259,A094850,1027
1260,A094860,66
1261,A094940,1617
1262,A094970,1819
1263,A095190,1445
1264,A095270,689
1265,A095340,94
1266,A095500,113
1267,A095570,1299
1268,A095610,476
1269,A095660,1435
1270,A095700,774
1271,A095720,784
1272,A095910,1851
1273,A096040,30
1274,A096240,1111
1275,A096350,41
1276,A096530,1304
1277,A096610,1873
1278,A096630,1703
1279,A096640,1537
1280,A096690,1730
1281,A096760,1219
1282,A096770,783
1283,A097230,872
1284,A097520,654
1285,A097780,1958
1286,A097800,24
1287,A097870,1596
1288,A097950,1200
1289,A098120,177
1290,A098460,403
1291,A099190,218
1292,A099220,572
1293,A099320,1661
1294,A099440,48
1295,A099520,1128
1296,A099750,520
1297,A100030,1513
1298,A100090,568
1299,A100120,962
1300,A100130,1846
1301,A100220,956
1302,A100250,1186
1303,A100590,1381
1304,A100660,599
1305,A100700,184
1306,A100790,781
1307,A100840,1905
1308,A101140,510
1309,A101160,67
1310,A101170,337
1311,A101240,286
1312,A101330,1926
1313,A101360,350
1314,A101390,842
1315,A101490,245
1316,A101530,293
1317,A101670,1817
1318,A101730,1933
1319,A101930,810
1320,A102120,320
1321,A102260,1036
1322,A102280,1874
1323,A102460,1684
1324,A102710,335
1325,A102940,1088
1326,A103140,1702
1327,A103590,1098
1328,A103840,361
1329,A104040,481
1330,A104200,1239
1331,A104460,1999
1332,A104480,838
1333,A104540,1797
1334,A104620,601
1335,A104700,1654
1336,A104830,473
1337,A105330,684
1338,A105550,1366
1339,A105560,1001
1340,A105630,1765
1341,A105740,1148
1342,A105840,549
1343,A106080,1194
1344,A106190,1904
1345,A107590,1113
1346,A108230,514
1347,A108320,431
1348,A108380,500
1349,A108490,1713
1350,A108670,560
1351,A108860,1520
1352,A109070,1128
1353,A109080,1416
1354,A109610,90
1355,A109740,392
1356,A109820,817
1357,A109860,1046
1358,A109960,1699
1359,A110790,555
1360,A110990,584
1361,A111110,777
1362,A111710,1468
1363,A111770,1173
1364,A112040,1547
1365,A112610,597
1366,A113810,28
1367,A114090,313
1368,A114190,252
1369,A114450,1470
1370,A114630,1471
1371,A114810,216
1372,A115160,283
1373,A115180,1724
1374,A115310,1975
1375,A115390,730
1376,A115440,1521
1377,A115450,268
1378,A115480,1079
1379,A115500,1168
1380,A115610,136
1381,A115960,1227
1382,A117580,1548
1383,A117730,95
1384,A118000,454
1385,A118990,800
1386,A119500,880
1387,A119610,1622
1388,A119650,1711
1389,A119830,173
1390,A119850,282
1391,A119860,1740
1392,A120030,695
1393,A120110,649
1394,A120240,1276
1395,A121440,1790
1396,A121600,874
1397,A121800,713
1398,A121850,1941
1399,A122310,923
1400,A122350,722
1401,A122450,1709
1402,A122640,341
1403,A122690,1143
1404,A122870,37
1405,A122900,1077
1406,A122990,230
1407,A123010,1012
1408,A123040,1139
1409,A123410,1023
1410,A123420,1911
1411,A123570,1716
1412,A123690,1281
1413,A123700,21
1414,A123750,976
1415,A123860,232
1416,A123890,739
1417,A124500,1085
1418,A124560,1290
1419,A125210,1689
1420,A126340,1236
1421,A126560,1704
1422,A126600,1536
1423,A126640,1359
1424,A126700,396
1425,A126880,1650
1426,A127120,311
1427,A127710,634
1428,A128540,747
1429,A128660,1345
1430,A128820,1870
1431,A128940,1888
1432,A129260,1086
1433,A129890,759
1434,A130500,1343
1435,A130580,1105
1436,A130660,1269
1437,A131030,1884
1438,A131090,1128
1439,A131100,885
1440,A131220,529
1441,A131290,174
1442,A131370,826
1443,A131400,85
1444,A131760,714
1445,A131970,278
1446,A133750,807
1447,A133820,1681
1448,A134380,1152
1449,A134580,1261
1450,A134790,1578
1451,A136480,648
1452,A136490,789
1453,A136510,1010
1454,A136540,1364
1455,A137400,859
1456,A137950,1310
1457,A138040,1495
1458,A138070,1421
1459,A138080,1389
1460,A138490,1166
1461,A138580,1464
1462,A138610,1474
1463,A138930,711
1464,A139050,1597
1465,A139130,1069
1466,A139480,1957
1467,A139670,919
1468,A140070,74
1469,A140410,590
1470,A140520,141
1471,A140670,1295
1472,A140860,256
1473,A141000,1511
1474,A141080,1275
1475,A142210,801
1476,A142280,1782
1477,A142760,1138
1478,A143160,926
1479,A143210,1277
1480,A143240,1424
1481,A143540,993
1482,A144510,990
1483,A144960,167
1484,A145020,953
1485,A145210,40
1486,A145720,1936
1487,A145990,1320
1488,A147760,1067
1489,A147830,1883
1490,A148150,306
1491,A148250,1508
1492,A149950,305
1493,A149980,1815
1494,A150840,1410
1495,A150900,1128
1496,A151860,155
1497,A151910,369
1498,A153460,1264
1499,A153490,561
1500,A153710,368
1501,A155650,263
1502,A155660,1764
1503,A156100,1994
1504,A158430,638
1505,A159580,1552
1506,A159910,1791
1507,A160550,503
1508,A160600,1128
1509,A160980,466
1510,A161000,342
1511,A161390,1483
1512,A161580,979
1513,A161890,1401
1514,A163560,1209
1515,A163730,985
1516,A164060,1841
1517,A166090,449
1518,A166480,1849
1519,A168330,788
1520,A169330,1431
1521,A170030,1847
1522,A170790,1461
1523,A170900,1189
1524,A170920,1524
1525,A171010,225
1526,A171090,612
1527,A171120,144
1528,A173130,1193
1529,A173940,559
1530,A174900,301
1531,A175140,955
1532,A175250,1341
1533,A175330,721
1534,A177350,1192
1535,A177830,893
1536,A178320,1989
1537,A178780,1128
1538,A178920,324
1539,A179290,1968
1540,A179900,1174
1541,A180400,298
1542,A180640,273
1543,A181340,1842
1544,A181710,1515
1545,A182360,1880
1546,A182400,224
1547,A183190,867
1548,A183300,309
1549,A183490,103
1550,A184230,496
1551,A185490,1106
1552,A185750,1283
1553,A186230,1066
1554,A187220,1144
1555,A187270,1822
1556,A187420,688
1557,A187870,522
1558,A189300,1570
1559,A189330,166
1560,A189690,668
1561,A189860,866
1562,A189980,158
1563,A190510,297
1564,A190650,1516
1565,A191420,1743
1566,A192080,1671
1567,A192250,276
1568,A192400,1338
1569,A192410,1551
1570,A192440,474
1571,A192650,1604
1572,A192820,339
1573,A193250,920
1574,A194370,969
1575,A194480,1899
1576,A194700,1733
1577,A195500,124
1578,A195870,295
1579,A195990,132
1580,A196170,994
1581,A196300,1207
1582,A196450,726
1583,A196490,1037
1584,A197140,387
1585,A198440,1026
1586,A199800,1303
1587,A199820,528
1588,A200130,1510
1589,A200230,482
1590,A200350,115
1591,A200470,98
1592,A200670,322
1593,A200710,407
1594,A200780,1065
1595,A200880,234
1596,A201490,1692
1597,A203400,1832
1598,A203450,917
1599,A203650,868
1600,A203690,1928
1601,A204020,217
1602,A204270,1497
1603,A204320,589
1604,A204620,1400
1605,A204840,1457
1606,A205100,188
1607,A205470,2
1608,A205500,1518
1609,A206400,1980
1610,A206560,1739
1611,A206640,1419
1612,A206650,545
1613,A207760,615
1614,A207940,1055
1615,A208140,133
1616,A208340,1221
1617,A208370,1784
1618,A208640,1538
1619,A210540,623
1620,A210980,1826
1621,A211050,238
1622,A211270,1943
1623,A212560,32
1624,A213420,323
1625,A213500,973
1626,A214150,776
1627,A214180,909
1628,A214260,458
1629,A214270,544
1630,A214320,1545
1631,A214330,1590
1632,A214370,1715
1633,A214390,636
1634,A214420,913
1635,A214430,178
1636,A214450,356
1637,A214610,1952
1638,A214680,10
1639,A214870,1766
1640,A215000,1619
1641,A215090,1128
1642,A215100,1428
1643,A215200,451
1644,A215360,1473
1645,A215600,1794
1646,A215790,836
1647,A216050,795
1648,A216080,1028
1649,A217190,22
1650,A217270,727
1651,A217330,988
1652,A217500,165
1653,A217620,108
1654,A217730,1591
1655,A217820,1091
1656,A218150,86
1657,A218410,676
1658,A219130,1399
1659,A219420,272
1660,A219550,33
1661,A220100,1527
1662,A220180,334
1663,A220260,557
1664,A221840,1682
1665,A221980,1486
1666,A222040,101
1667,A222080,1118
1668,A222110,1316
1669,A222420,1161
1670,A222800,213
1671,A222810,1423
1672,A222980,702
1673,A223250,1202
1674,A223310,1128
1675,A224110,122
1676,A225190,1802
1677,A225220,1932
1678,A225530,1567
1679,A225570,1579
1680,A226320,775
1681,A226330,243
1682,A226340,556
1683,A226400,1895
1684,A226440,786
1685,A226950,1742
1686,A227100,68
1687,A227840,1112
1688,A227950,1992
1689,A228340,427
1690,A228670,468
1691,A228760,336
1692,A228850,1145
1693,A229000,1601
1694,A229640,1737
1695,A230240,594
1696,A230360,978
1697,A230980,26
1698,A232140,602
1699,A232680,251
1700,A234080,765
1701,A234100,246
1702,A234300,1096
1703,A234340,983
1704,A234690,890
1705,A234920,43
1706,A235980,598
1707,A236200,586
1708,A236810,397
1709,A237690,1411
1710,A237820,1546
1711,A237880,1560
1712,A238090,189
1713,A238120,1736
1714,A238200,1286
1715,A238490,58
1716,A239340,257
1717,A239610,667
1718,A239890,290
1719,A240810,284
1720,A241520,1355
1721,A241560,329
1722,A241590,1708
1723,A241690,1332
1724,A241710,13
1725,A241770,542
1726,A241790,254
1727,A241820,312
1728,A241840,1211
1729,A242040,677
1730,A243070,1154
1731,A243840,692
1732,A244460,1678
1733,A244920,1876
1734,A245620,812
1735,A246690,716
1736,A246710,1429
1737,A246720,1245
1738,A246960,652
1739,A247540,633
1740,A247660,219
1741,A248070,1068
1742,A248170,1637
1743,A249420,860
1744,A250000,1623
1745,A250060,76
1746,A251270,1889
1747,A251370,1478
1748,A251630,99
1749,A251970,212
1750,A252500,607
1751,A252990,401
1752,A253450,551
1753,A253590,497
1754,A253840,1805
1755,A254120,1917
1756,A255220,626
1757,A255440,447
1758,A256150,1385
1759,A256630,977
1760,A256840,900
1761,A256940,1052
1762,A257370,1128
1763,A258610,1967
1764,A258830,1863
1765,A259630,425
1766,A260660,1553
1767,A260930,729
1768,A260970,1745
1769,A261200,1653
1770,A262260,429
1771,A262840,375
1772,A263020,1827
1773,A263050,567
1774,A263540,1128
1775,A263600,1625
1776,A263690,1840
1777,A263700,1675
1778,A263720,608
1779,A263750,808
1780,A263770,190
1781,A263800,611
1782,A263810,59
1783,A263860,80
1784,A263920,664
1785,A264450,837
1786,A264660,1686
1787,A264850,754
1788,A264900,1287
1789,A265520,470
1790,A265560,854
1791,A265740,769
1792,A267250,1151
1793,A267260,907
1794,A267270,1796
1795,A267290,1787
1796,A267320,495
1797,A267790,1485
1798,A267850,1829
1799,A267980,891
1800,A268280,987
1801,A268600,1987
1802,A269620,661
1803,A270520,1946
1804,A270660,1655
1805,A270870,1744
1806,A271560,1669
1807,A271980,1056
1808,A272110,42
1809,A272210,1165
1810,A272290,377
1811,A272450,1700
1812,A272550,1674
1813,A273060,831
1814,A274090,1760
1815,A276730,856
1816,A277070,744
1817,A277410,1309
1818,A277810,433
1819,A277880,1525
1820,A278280,332
1821,A278650,87
1822,A279600,1443
1823,A280360,1016
1824,A281740,1951
1825,A281820,266
1826,A282330,1195
1827,A282690,1616
1828,A282880,348
1829,A284620,1754
1830,A284740,751
1831,A285130,763
1832,A285490,764
1833,A286750,96
1834,A286940,904
1835,A287410,622
1836,A288330,1903
1837,A288620,1449
1838,A289010,746
1839,A289080,513
1840,A289220,1104
1841,A290120,340
1842,A290380,1934
1843,A290520,127
1844,A290550,211
1845,A290650,240
1846,A290670,1531
1847,A290690,1
1848,A290720,641
1849,A290740,1039
1850,A291230,1402
1851,A291650,666
1852,A293480,997
1853,A293490,1698
1854,A293580,1962
1855,A293780,603
1856,A294090,398
1857,A294140,591
1858,A294570,830
1859,A294630,1758
1860,A294870,1225
1861,A297090,1606
1862,A297570,285
1863,A297890,195
1864,A298000,1451
1865,A298020,1685
1866,A298040,1583
1867,A298050,959
1868,A298060,1141
1869,A298380,758
1870,A298540,1588
1871,A298690,1898
1872,A299030,954
1873,A299170,618
1874,A299660,1427
1875,A299900,7
1876,A300080,1630
1877,A300120,606
1878,A300720,870
1879,A301300,1914
1880,A302430,989
1881,A302440,1397
1882,A302550,792
1883,A303030,1825
1884,A303360,1753
1885,A304100,1875
1886,A304840,455
1887,A305090,1731
1888,A306040,1776
1889,A306200,1631
1890,A306620,417
1891,A307180,1780
1892,A307280,873
1893,A307750,1031
1894,A307870,1420
1895,A307930,700
1896,A307950,779
1897,A308100,583
1898,A308170,1089
1899,A309930,51
1900,A310200,1923
1901,A311390,1848
1902,A311690,1909
1903,A312610,1772
1904,A313760,1945
1905,A314130,1315
1906,A314930,843
1907,A316140,1015
1908,A317120,570
1909,A317240,77
1910,A317330,864
1911,A317400,1721
1912,A317530,172
1913,A317690,1767
1914,A317770,828
1915,A317830,1496
1916,A317850,139
1917,A317870,1912
1918,A318000,1993
1919,A318010,463
1920,A318020,1020
1921,A318410,160
1922,A319400,1504
1923,A319660,508
1924,A320000,929
1925,A321260,143
1926,A321550,773
1927,A322000,465
1928,A322180,1561
1929,A322310,477
1930,A322510,3
1931,A322780,1922
1932,A323280,552
1933,A323990,461
1934,A326030,1147
1935,A327260,506
1936,A330350,1171
1937,A330860,296
1938,A331520,823
1939,A332290,15
1940,A332370,735
1941,A332570,97
1942,A333430,149
1943,A333620,287
1944,A334970,153
1945,A335810,587
1946,A335890,1323
1947,A336060,1386
1948,A336260,858
1949,A336370,501
1950,A336570,760
1951,A337930,1371
1952,A338220,134
1953,A339770,1157
1954,A339950,1258
1955,A340440,1887
1956,A340570,146
1957,A340930,1620
1958,A344820,697
1959,A347700,250
1960,A347740,1280
1961,A347770,1095
1962,A347860,1632
1963,A347890,1763
1964,A348030,790
1965,A348150,793
1966,A348210,159
1967,A348350,1224
1968,A351320,1260
1969,A351330,1651
1970,A352480,81
1971,A352700,1142
1972,A352770,1981
1973,A352820,46
1974,A352940,161
1975,A353190,31
1976,A353200,92
1977,A353810,1900
1978,A354200,1084
1979,A355150,1664
1980,A356860,145
1981,A356890,629
1982,A357230,271
1983,A357550,65
1984,A357780,566
1985,A359090,1305
1986,A361390,1769
1987,A361610,277
1988,A363250,36
1989,A363260,1727
1990,A363280,1614
1991,A365590,1196
1992,A368770,1690
1993,A369370,665
1994,A373200,1735
1995,A375500,937
1996,A378850,970
1997,A383220,1060
1998,A383310,679
1999,A383800,1503
